File,CXR_Lung_Risk
E.png,46.975240172736946
C.png,41.47182189296265
A.png,54.84522046562361
B.png,52.663791667951756
D.png,45.7808904456691
