File,CXR_Lung_Risk
E.png,46.97018605921592
C.png,41.469381713089874
A.png,54.84119195962414
B.png,52.65695426761711
D.png,45.779331275358835
